{
  "B-CLAUSE": {
    "precision": 0.9319331983805668,
    "recall": 0.9487377640391551,
    "f1-score": 0.940260403369926,
    "support": 3882.0
  },
  "I-CLAUSE": {
    "precision": 0.9905874562482263,
    "recall": 0.9873184989628512,
    "f1-score": 0.988950276243094,
    "support": 21212.0
  },
  "O": {
    "precision": 0.0,
    "recall": 0.0,
    "f1-score": 0.0,
    "support": 0.0
  },
  "accuracy": 0.9813501235355065,
  "macro avg": {
    "precision": 0.6408402182095977,
    "recall": 0.6453520876673354,
    "f1-score": 0.6430702265376733,
    "support": 25094.0
  },
  "weighted avg": {
    "precision": 0.981513740258657,
    "recall": 0.9813501235355065,
    "f1-score": 0.9814180340141293,
    "support": 25094.0
  },
  "clause_metrics": {
    "clause_precision": 0.8416,
    "clause_recall": 0.8568,
    "clause_f1": 0.8491,
    "true_clauses": 3882,
    "pred_clauses": 3952,
    "correct_clauses": 3326
  },
  "training_time": 620.7048172950745,
  "training_history": {
    "train_loss": [
      0.275028624381794,
      0.15444332575995703,
      0.12820404537060126,
      0.11021945713924206,
      0.09704882872043824,
      0.08414151218282628,
      0.0758798435919595,
      0.0678167206529832,
      0.060535619857397915,
      0.05416241509611813,
      0.04884426994724389,
      0.0454759123397763,
      0.04211097020817427,
      0.03796311117808467,
      0.036004363701735834,
      0.029972460463034863,
      0.027528575332882832,
      0.025300380045652618,
      0.024185107394278392,
      0.022838875182134538
    ],
    "dev_f1": [
      0.9069266860623391,
      0.9191714245752115,
      0.9166959553570462,
      0.9338891989306024,
      0.9334485160119985,
      0.9385677354911282,
      0.9382644705793808,
      0.9463035919179832,
      0.9491648329064031,
      0.9455011086715155,
      0.9538558526690857,
      0.9549608632430132,
      0.9540310566865603,
      0.9516888211889496,
      0.9535628639035727,
      0.9575986597671048,
      0.9547057547603035,
      0.9590502938114049,
      0.9590502938114049,
      0.9575205446989921
    ],
    "best_dev_f1": 0.9590502938114049
  }
}